19905471|와라와라호프||Q|음식|Q09|유흥주점|Q09A01|호프/맥주|I56219|기타 주점업|11|서울특별시|11680|강남구|1168060000|대치1동|1168010600|대치동|1168010600206040000|1|대지|604||서울특별시 강남구 대치동 604|116802000003|서울특별시 강남구 남부순환로|2933||1168010600106040000014378|대치상가|서울특별시 강남구 남부순환로 2933|135280|06280||1||127.061026050567|37.4939223326479
19911397|커피빈코리아선릉로93길점|코리아선릉로93길점|Q|음식|Q12|커피점/카페|Q12A01|커피전문점/카페/다방|I56220|비알콜 음료점업|11|서울특별시|11680|강남구|1168064000|역삼1동|1168010100|역삼동|1168010100206960042|1|대지|696|42|서울특별시 강남구 역삼동 696-42|116804166502|서울특별시 강남구 선릉로93길|6||1168010100106960042022041||서울특별시 강남구 선릉로93길 6|135080|06149||1||127.047883157395|37.505675040058
19911801|프로포즈||Q|음식|Q09|유흥주점|Q09A01|호프/맥주|I56219|기타 주점업|11|서울특별시|11545|금천구|1154563000|독산3동|1154510200|독산동|1154510200201620001|1|대지|162|1|서울특별시 금천구 독산동 162-1|115453117003|서울특별시 금천구 가산로|34|6|1154510200101620001017748||서울특별시 금천구 가산로 34-6|153010|08545||1||126.899220370682|37.4717112331268
19912201|싱싱커피&토스트||Q|음식|Q07|패스트푸드|Q07A10|토스트전문|I56192|피자, 햄버거, 샌드위치 및 유사 음식점업|26|부산광역시|26530|사상구|2653062000|괘법동|2653010400|괘법동|2653010400205780000|1|대지|578||부산광역시 사상구 괘법동 578|265303139004|부산광역시 사상구 괘감로|37||2653010400105780000002037|산업용품유통상가|부산광역시 사상구 괘감로 37|617726|46977||1|26|128.980455279266|35.1597741758499
19932756|가락사우나내스낵||F|생활서비스|F09|대중목욕탕/휴게|F09A02|사우나/증기탕/온천|S96121|욕탕업|11|서울특별시|11710|송파구|1171060000|석촌동|1171010500|석촌동|1171010500202560000|1|대지|256||서울특별시 송파구 석촌동 256|117103123001|서울특별시 송파구 가락로|71||1171010500102560005010490||서울특별시 송파구 가락로 71|138846|05690||1||127.104070564081|37.5002486691845
19983535|초밥왕||Q|음식|Q03|일식/수산물|Q03A03|음식점-초밥전문|I56113|일식 음식점업|11|서울특별시|11710|송파구|1171071000|잠실6동|1171010200|신천동|1171010200200070028|1|대지|7|28|서울특별시 송파구 신천동 7-28|117103123023|서울특별시 송파구 올림픽로|293|19|1171010200100070028000237|현대타워아파트|서울특별시 송파구 올림픽로 293-19|138735|05510||1||127.102489784096|37.5151491920485
19964615|석봉토스트||Q|음식|Q07|패스트푸드|Q07A10|토스트전문|I56192|피자, 햄버거, 샌드위치 및 유사 음식점업|11|서울특별시|11215|광진구|1121586000|구의2동|1121510300|구의동|1121510300200770047|1|대지|77|47|서울특별시 광진구 구의동 77-47|112154112444|서울특별시 광진구 자양로39길|20||1121510300100770047020647||서울특별시 광진구 자양로39길 20|143200|04992||1||127.088387455895|37.5492452077814
19975850|허술한집||Q|음식|Q04|분식|Q04A01|라면김밥분식|I56194|분식 및 김밥 전문점|11|서울특별시|11500|강서구|1150062000|공항동|1150010800|공항동|1150010800200450089|1|대지|45|89|서울특별시 강서구 공항동 45-89|115004145181|서울특별시 강서구 공항대로3길|9||1150010800100450031005883||서울특별시 강서구 공항대로3길 9|157812|07619||1||126.809957472555|37.5620126925293
19977290|피자마루|약수점|Q|음식|Q07|패스트푸드|Q07A01|피자전문|I56192|피자, 햄버거, 샌드위치 및 유사 음식점업|11|서울특별시|11140|중구|1114063500|약수동|1114016200|신당동|1114016200203720095|1|대지|372|95|서울특별시 중구 신당동 372-95|111404103114|서울특별시 중구 동호로7길|37||1114016200103720095000001|현진빌딩|서울특별시 중구 동호로7길 37|100450|04596||1||127.010861306352|37.5521533135816
19979960|홍능갈비||Q|음식|Q01|한식|Q01A02|갈비/삼겹살|I56111|한식 음식점업|11|서울특별시|11500|강서구|1150054000|화곡1동|1150010300|화곡동|1150010300210860003|1|대지|1086|3|서울특별시 강서구 화곡동 1086-3|115004145499|서울특별시 강서구 화곡로18길|31||1150010300110860003013118||서울특별시 강서구 화곡로18길 31|157010|07718||1||126.836078008217|37.5389273478103
20004707|커피빈|코리아교대점|Q|음식|Q12|커피점/카페|Q12A01|커피전문점/카페/다방|I56220|비알콜 음료점업|11|서울특별시|11650|서초구|1165051000|서초1동|1165010800|서초동|1165010800216570005|1|대지|1657|5|서울특별시 서초구 서초동 1657-5|116503121024|서울특별시 서초구 서초중앙로|118||1165010800116570005024412|카이스시스템빌딩|서울특별시 서초구 서초중앙로 118|137070|06634||1||127.014217033954|37.4923876590647
20006330|코롱식당||Q|음식|Q01|한식|Q01A01|한식/백반/한정식|I56111|한식 음식점업|11|서울특별시|11545|금천구|1154551000|가산동|1154510100|가산동|1154510100200600004|1|대지|60|4|서울특별시 금천구 가산동 60-4|115454151195|서울특별시 금천구 디지털로9길|56||1154510100100600004015530|코오롱테크노밸리|서울특별시 금천구 디지털로9길 56|153770|08512||3|102|126.886859445485|37.48038965624
19993199|고려대학교교육관쎄리오점||Q|음식|Q12|커피점/카페|Q12A01|커피전문점/카페/다방|I56220|비알콜 음료점업|11|서울특별시|11290|성북구|1129060000|안암동|1129012500|안암동5가|1129012500200010002|1|대지|1|2|서울특별시 성북구 안암동5가 1-2|112903005035|서울특별시 성북구 안암로|145||1129012500100010002039525|고려대학교안암캠퍼스(인문사회계)|서울특별시 성북구 안암로 145|136701|02841||1|32|127.031701809695|37.5884849860916
19996819|전주식당||Q|음식|Q01|한식|Q01A01|한식/백반/한정식|I56111|한식 음식점업|11|서울특별시|11530|구로구|1153051000|신도림동|1153010100|신도림동|1153010100204060001|1|대지|406|1|서울특별시 구로구 신도림동 406-1|115303000028|서울특별시 구로구 경인로|577||1153010200104060010000019|구로치안센터|서울특별시 구로구 경인로 577|152887|08212|D|3|17|126.880898201104|37.5040668669735
19987359|아구본가첨벙||Q|음식|Q03|일식/수산물|Q03A06|아구전문|I56111|한식 음식점업|11|서울특별시|11290|성북구|1129068500|길음2동|1129013400|길음동|1129013400200200001|1|대지|20|1|서울특별시 성북구 길음동 20-1|112903107003|서울특별시 성북구 동소문로|315||1129013400100200001025204|현대백화점미아점|서울특별시 성북구 동소문로 315|136719|02730||||127.028725560472|37.6083915431599
20020124|스완카페트||Q|음식|Q12|커피점/카페|Q12A01|커피전문점/카페/다방|I56220|비알콜 음료점업|11|서울특별시|11560|영등포구|1156072000|대림3동|1156013300|대림동|1156013300206040056|1|대지|604|56|서울특별시 영등포구 대림동 604-56|115604154302|서울특별시 영등포구 도신로10가길|11|1|1156013300106040056037792||서울특별시 영등포구 도신로10가길 11-1|150070|07379||2||126.897710439978|37.5036933368184
19969945|에브리돈|북가좌점|Q|음식|Q01|한식|Q01A01|한식/백반/한정식|I56111|한식 음식점업|11|서울특별시|11410|서대문구|1141072000|북가좌2동|1141011900|북가좌동|1141011900203070002|1|대지|307|2|서울특별시 서대문구 북가좌동 307-2|114103005055|서울특별시 서대문구 응암로|65||1141011900103070003002306||서울특별시 서대문구 응암로 65|120130|03681||1||126.910288305861|37.5790288661421
19969947|대왕농산||D|소매|D01|음/식료품소매|D01A13|청과물소매|G47214|과실 및 채소 소매업|11|서울특별시|11230|동대문구|1123054500|제기동|1123010300|제기동|1123010300206350018|1|대지|635|18|서울특별시 동대문구 제기동 635-18|112304115290|서울특별시 동대문구 왕산로35길|7||1123010300106350018034656||서울특별시 동대문구 왕산로35길 7|130862|02572||1||127.043189062088|37.5800728147996
19970556|솔로몬피자||Q|음식|Q07|패스트푸드|Q07A01|피자전문|I56192|피자, 햄버거, 샌드위치 및 유사 음식점업|11|서울특별시|11215|광진구|1121573000|군자동|1121510900|군자동|1121510900201000017|1|대지|100|17|서울특별시 광진구 군자동 100-17|112153104005|서울특별시 광진구 군자로|99|2|1121510900101000017018656||서울특별시 광진구 군자로 99-2|143839|05001||||127.071184021135|37.552102622032
19971398|우리식당||Q|음식|Q01|한식|Q01A01|한식/백반/한정식|I56111|한식 음식점업|11|서울특별시|11215|광진구|1121571000|화양동|1121510700|화양동|1121510700205070003|1|대지|507|3|서울특별시 광진구 화양동 507-3|112154112018|서울특별시 광진구 광나루로26길|16||1121510700102070003018172||서울특별시 광진구 광나루로26길 16|143926|05022||||127.076811507571|37.5454609583284
19971658|크리스피크림|롯데청량리점|Q|음식|Q07|패스트푸드|Q07A06|도너츠전문|I56191|제과점업|11|서울특별시|11230|동대문구|1123056000|전농1동|1123010400|전농동|1123056000206200069|1|대지|620|69|서울특별시 동대문구 전농동 620-69|112303105008|서울특별시 동대문구 왕산로|200||1123010400106200067000001|청량리역|서울특별시 동대문구 왕산로 200|130796|02559||2||127.045021605777|37.5801957798395
19973708|왕실||Q|음식|Q12|커피점/카페|Q12A01|커피전문점/카페/다방|I56220|비알콜 음료점업|11|서울특별시|11140|중구|1114055000|명동|1114012700|명동2가|1114012700201050000|1|대지|105||서울특별시 중구 명동2가 105|111403101001|서울특별시 중구 남대문로|52|13|1114012700101050000019781||서울특별시 중구 남대문로 52-13|100810|04535||1||126.982418808029|37.562273608482
19974666|신호건강원||D|소매|D10|건강/미용식품|D10A07|건강원|G47216|건강보조식품 소매업|11|서울특별시|11500|강서구|1150054000|화곡1동|1150010300|화곡동|1150010300203690053|1|대지|369|53|서울특별시 강서구 화곡동 369-53|115004145011|서울특별시 강서구 가로공원로82길|42|3|1150010300103690053013643||서울특별시 강서구 가로공원로82길 42-3|157010|07765||1||126.840285055847|37.5354186632593
19989422|Mr.피터팬||Q|음식|Q04|분식|Q04A01|라면김밥분식|I56194|분식 및 김밥 전문점|11|서울특별시|11710|송파구|1171052000|풍납2동|1171010300|풍납동|1171010300203990017|1|대지|399|17|서울특별시 송파구 풍납동 399-17|117104169436|서울특별시 송파구 올림픽로45길|22||1171010300103990017025154|송주빌라|서울특별시 송파구 올림픽로45길 22|138040|05537||1||127.115873391566|37.5274774824996
19999875|제이씨코퍼레이션||D|소매|D02|선물/팬시/기념품|D02A05|토산품/기념품점|G47842|관광 민예품 및 선물용품 소매업|11|서울특별시|11560|영등포구|1156061000|양평1동|1156012700|양평동3가|1156012700200240000|1|대지|24||서울특별시 영등포구 양평동3가 24|115603118013|서울특별시 영등포구 선유서로|115||1156012700100240000037460|삼천리아파트|서울특별시 영등포구 선유서로 115|150103|07269|101|1|804|126.885320162819|37.5261391555287
20013190|청암회관||Q|음식|Q01|한식|Q01A01|한식/백반/한정식|I56111|한식 음식점업|11|서울특별시|11350|노원구|1135061900|중계본동|1135010600|중계동|1135010600203640014|1|대지|364|14|서울특별시 노원구 중계동 364-14|113504130431|서울특별시 노원구 한글비석로8길|29||1135010600103640014011081|꿈독서실|서울특별시 노원구 한글비석로8길 29|139220|01737||1||127.078464379963|37.6482469290036
20014818|쉼터||Q|음식|Q04|분식|Q04A01|라면김밥분식|I56194|분식 및 김밥 전문점|11|서울특별시|11680|강남구|1168058000|삼성1동|1168010500|삼성동|1168010500201590000|1|대지|159||서울특별시 강남구 삼성동 159|116803122004|서울특별시 강남구 봉은사로|524||1168010500101590000017116|코엑스인터콘티넨탈서울|서울특별시 강남구 봉은사로 524|135798|06164|A|1|8|127.057100286394|37.5129393969289
20015136|배제현의웰빙낙지한마리수제비||Q|음식|Q03|일식/수산물|Q03A13|낙지/오징어|I56111|한식 음식점업|11|서울특별시|11680|강남구|1168051000|신사동|1168010700|신사동|1168010700205120013|1|대지|512|13|서울특별시 강남구 신사동 512-13|116804166021|서울특별시 강남구 강남대로152길|19||1168010700105120013027367||서울특별시 강남구 강남대로152길 19|135887|06035||1||127.020944625774|37.5175739922091
20031733|동해제일산오징어||Q|음식|Q03|일식/수산물|Q03A13|낙지/오징어|I56111|한식 음식점업|26|부산광역시|26260|동래구|2626057000|온천3동|2626010800|온천동|2626010800213800002|1|대지|1380|2|부산광역시 동래구 온천동 1380-2|262604190330|부산광역시 동래구 아시아드대로220번길|30||2626010800113800002003460||부산광역시 동래구 아시아드대로220번길 30|607060|47838||1||129.068323651097|35.2029017640286
20033259|리지호프소주||Q|음식|Q06|양식|Q06A01|정통양식/경양식|I56114|서양식 음식점업|26|부산광역시|26230|부산진구|2623077000|범천1동|2623010400|범천동|2623077000208470015|1|대지|847|15|부산광역시 부산진구 범천동 847-15|262303127051|부산광역시 부산진구 범일로|166||2623010400108470015054042||부산광역시 부산진구 범일로 166|614020|47361||1||129.059574393176|35.1447758974312
20035727|동화장||Q|음식|Q02|중식|Q02A00|중국음식/중국집|I56112|중식 음식점업|11|서울특별시|11590|동작구|1159066000|대방동|1159010800|대방동|1159010800204070038|1|대지|407|38|서울특별시 동작구 대방동 407-38|115904157551|서울특별시 동작구 여의대방로24길|137||1159010800104070039003680||서울특별시 동작구 여의대방로24길 137|156811|07055||2||126.927655371128|37.4992294723946
20037352|마니쩜||Q|음식|Q09|유흥주점|Q09A01|호프/맥주|I56219|기타 주점업|26|부산광역시|26230|부산진구|2623071000|가야1동|2623011000|가야동|2623011000204500002|1|대지|450|2|부산광역시 부산진구 가야동 450-2|262303129008|부산광역시 부산진구 대학로|64|1|2623011000104500002043836|가남아파트|부산광역시 부산진구 대학로 64-1|614010|47336||2||129.034302185853|35.1500691105999
20038373|경주아구찜||Q|음식|Q03|일식/수산물|Q03A06|아구전문|I56111|한식 음식점업|26|부산광역시|26500|수영구|2650066000|남천1동|2650010500|남천동|2650010500203570010|1|대지|357|10|부산광역시 수영구 남천동 357-10|265003131037|부산광역시 수영구 수영로|381|8|2650010500103570010019103||부산광역시 수영구 수영로 381-8|613010|48318||1||129.10632999777|35.1411761239461
20036227|우림||Q|음식|Q01|한식|Q01A01|한식/백반/한정식|I56111|한식 음식점업|11|서울특별시|11590|동작구|1159062000|사당1동|1159010700|사당동|1159010700210330034|1|대지|1033|34|서울특별시 동작구 사당동 1033-34|115904157164|서울특별시 동작구 동작대로7길|28||1159010700110330034010942||서울특별시 동작구 동작대로7길 28|156090|07015||1||126.980242177491|37.4794034273439
20036524|포마토김밥||Q|음식|Q04|분식|Q04A01|라면김밥분식|I56194|분식 및 김밥 전문점|11|서울특별시|11590|동작구|1159051000|노량진1동|1159010100|노량진동|1159010100201260006|1|대지|126|6|서울특별시 동작구 노량진동 126-6|115904157191|서울특별시 동작구 만양로14가길|22||1159010100101260006032522|휘소항쉬법빌딩|서울특별시 동작구 만양로14가길 22|156050|06913||1||126.94509899537|37.5125688674931
20047434|경부할인마트||D|소매|D03|종합소매점|D03A06|종합소매|G47190|그외 기타 종합 소매업|26|부산광역시|26170|동구|2617055000|초량6동|2617010100|초량동|2617010100207940681|1|대지|794|681|부산광역시 동구 초량동 794-681|261703125011|부산광역시 동구 망양로|593||2617010100107940681015812||부산광역시 동구 망양로 593|601831|48716||1||129.034598684938|35.123195913371
20020932|착한짜장||Q|음식|Q02|중식|Q02A00|중국음식/중국집|I56112|중식 음식점업|11|서울특별시|11200|성동구|1120069000|성수2가3동|1120011500|성수동2가|1120011500202890272|1|대지|289|272|서울특별시 성동구 성수동2가 289-272|112004109397|서울특별시 성동구 아차산로7길|17|1|1120011500102890272004140||서울특별시 성동구 아차산로7길 17-1|133120|04793||1||127.054649291142|37.5467182768796
20022551|해마로숯불바베큐||Q|음식|Q06|양식|Q06A06|바베큐전문|I56114|서양식 음식점업|11|서울특별시|11200|성동구|1120061500|금호2.3가동|1120011000|금호동2가|1120011000204780000|1|대지|478||서울특별시 성동구 금호동2가 478|112004109077|서울특별시 성동구 금호산길|62||1120011000104780000014677||서울특별시 성동구 금호산길 62|133803|04726||1||127.019555900225|37.5536675060871
20024149|타워광명내과의원||S|의료|S01|병원|S01B07|내과/외과|Q86201|일반 의원|11|서울특별시|11680|강남구|1168065600|도곡2동|1168011800|도곡동|1168011800204670014|1|대지|467|14|서울특별시 강남구 도곡동 467-14|116804166604|서울특별시 강남구 언주로30길|39||1168011800104670014000001||서울특별시 강남구 언주로30길 39|135270|06292||4||127.053197983987|37.4887418448763
20027817|마깐바냑||Q|음식|Q04|분식|Q04A01|라면김밥분식|I56194|분식 및 김밥 전문점|11|서울특별시|11680|강남구|1168064000|역삼1동|1168010100|역삼동|1168010100208310045|1|대지|831|45|서울특별시 강남구 역삼동 831-45|116803122008|서울특별시 강남구 역삼로|109||1168010100108310045025632|에스케이허브젠|서울특별시 강남구 역삼로 109|135080|06242||1|106|127.03100500319|37.4936528720033
20027870|강남김밥||Q|음식|Q04|분식|Q04A01|라면김밥분식|I56194|분식 및 김밥 전문점|11|서울특별시|11680|강남구|1168063000|대치4동|1168010600|대치동|1168010600209400008|1|대지|940|8|서울특별시 강남구 대치동 940-8|116803122012|서울특별시 강남구 도곡로|441||1168010600109400009013995|성동빌딩|서울특별시 강남구 도곡로 441|135280|06208||1||127.05856031294|37.4984620600522
20028437|샘터||Q|음식|Q09|유흥주점|Q09A01|호프/맥주|I56219|기타 주점업|11|서울특별시|11215|광진구|1121573000|군자동|1121510900|군자동|1121510900204770001|1|대지|477|1|서울특별시 광진구 군자동 477-1|112154112145|서울특별시 광진구 능동로35길|7||1121510900104770001019787||서울특별시 광진구 능동로35길 7|143838|04997||||127.078518935674|37.5566022713432
20028651|이롬황성주생식서울사업단||D|소매|D10|건강/미용식품|D10A02|생식판매|G47216|건강보조식품 소매업|11|서울특별시|11200|성동구|1120069000|성수2가3동|1120011500|성수동2가|1120069000203150097|1|대지|315|97|서울특별시 성동구 성수동2가 315-97|112003000002|서울특별시 성동구 아차산로|110||1120011500103150109004492|성광빌딩|서울특별시 성동구 아차산로 110|133120|04782||2||127.056141140309|37.5441802397171
20083902|비비엠||Q|음식|Q07|패스트푸드|Q07A04|패스트푸드|I56199|그외 기타 음식점업|26|부산광역시|26110|중구|2611059000|영주1동|2611010100|영주동|2611010100205110018|1|대지|511|18|부산광역시 중구 영주동 511-18|261103125006|부산광역시 중구 중구로|190||2611010100105110018001813||부산광역시 중구 중구로 190|600811|48922||1||129.034604807719|35.1115317385349
20076690|파스쿠찌|디큐브아트센터2호점|Q|음식|Q12|커피점/카페|Q12A01|커피전문점/카페/다방|I56220|비알콜 음료점업|11|서울특별시|11530|구로구|1153051000|신도림동|1153010100|신도림동|1153010100206920000|1|대지|692||서울특별시 구로구 신도림동 692|115303000028|서울특별시 구로구 경인로|662||1153010100103600045000001|디큐브시티|서울특별시 구로구 경인로 662|152706|08209||9||126.888484621418|37.5080580382841
20081386|물텀벙||Q|음식|Q01|한식|Q01A01|한식/백반/한정식|I56111|한식 음식점업|26|부산광역시|26200|영도구|2620067000|동삼3동|2620012100|동삼동|2620012100211230000|1|대지|1123||부산광역시 영도구 동삼동 1123|262003128015|부산광역시 영도구 상리로|1||2620012100101310230013202|주공아파트|부산광역시 영도구 상리로 1|606762|49089||||129.070116942393|35.0857769367064
20107885|미야꼬||Q|음식|Q04|분식|Q04A01|라면김밥분식|I56194|분식 및 김밥 전문점|11|서울특별시|11200|성동구|1120069000|성수2가3동|1120011500|성수동2가|1120011500202770020|1|대지|277|20|서울특별시 성동구 성수동2가 277-20|112003103003|서울특별시 성동구 성수이로|126||1120011500102770020003830|성수실업|서울특별시 성동구 성수이로 126|133120|04797||1||127.057746479154|37.5461032871669
20107897|롯데리아|신림역점|Q|음식|Q07|패스트푸드|Q07A04|패스트푸드|I56199|그외 기타 음식점업|11|서울특별시|11620|관악구|1162064500|서원동|1162010200|신림동|1162010200216400009|1|대지|1640|9|서울특별시 관악구 신림동 1640-9|116202000003|서울특별시 관악구 남부순환로|1610||1162010200116400009021089||서울특별시 관악구 남부순환로 1610|151930|08776||2||126.929287904186|37.4838994178
20099319|산울FNC||Q|음식|Q04|분식|Q04A01|라면김밥분식|I56194|분식 및 김밥 전문점|11|서울특별시|11680|강남구|1168065600|도곡2동|1168011800|도곡동|1168011800204670017|1|대지|467|17|서울특별시 강남구 도곡동 467-17|116804166604|서울특별시 강남구 언주로30길|57||1168011800104670017026752|타워팰리스|서울특별시 강남구 언주로30길 57|135270|06293||||127.054163435442|37.4892992237675
20388346|옥이영양탕||Q|음식|Q01|한식|Q01A01|한식/백반/한정식|I56111|한식 음식점업|26|부산광역시|26230|부산진구|2623077000|범천1동|2623010400|범천동|2623010400208450056|1|대지|845|56|부산광역시 부산진구 범천동 845-56|262304187350|부산광역시 부산진구 범일로142번가길|16||2623010400108450056015744||부산광역시 부산진구 범일로142번가길 16|614020|47364||1||129.060972460197|35.1434205870722
20388577|대박||Q|음식|Q01|한식|Q01A01|한식/백반/한정식|I56111|한식 음식점업|11|서울특별시|11560|영등포구|1156055000|당산1동|1156011300|당산동3가|1156011300202570009|1|대지|257|9|서울특별시 영등포구 당산동3가 257-9|115604154109|서울특별시 영등포구 당산로30길|6|1|1156011300102570009029260||서울특별시 영등포구 당산로30길 6-1|150803|07259||1||126.897321974925|37.5254859418621
20458376|로뎀건강||D|소매|D10|건강/미용식품|D10A04|건강식품판매|G47216|건강보조식품 소매업|11|서울특별시|11230|동대문구|1123074000|이문1동|1123011000|이문동|1123011000203630005|1|대지|363|5|서울특별시 동대문구 이문동 363-5|112304115734|서울특별시 동대문구 휘경로3길|4||1123011000103630005006396|이문동빌딩|서울특별시 동대문구 휘경로3길 4|130080|02420||4||127.062408783783|37.5957790596355
20350610|한귀원정신과의원||S|의료|S01|병원|S01B99|기타병원|||26|부산광역시|26500|수영구|2650078000|광안3동|2650010400|광안동|2650010400200740001|1|대지|74|1|부산광역시 수영구 광안동 74-1|265003131037|부산광역시 수영구 수영로|688||2650010400100740001009932||부산광역시 수영구 수영로 688|613100|48266||5||129.115437548116|35.166872301459
20484374|놀부숯불애장닭&부대찌개,철판구이|천호점|Q|음식|Q01|한식|Q01A07|부대찌개/섞어찌개|I56111|한식 음식점업|11|서울특별시|11740|강동구|1174065000|성내2동|1174010800|성내동|1174010800200500014|1|대지|50|14|서울특별시 강동구 성내동 50-14|117404172415|서울특별시 강동구 천호옛길|99||1174010800100500014004790||서울특별시 강동구 천호옛길 99|134030|05378||2|1|127.126131197829|37.5375014930199
20485406|고향산천궁중전골묵은지삽겹살||Q|음식|Q09|유흥주점|Q09A01|호프/맥주|I56219|기타 주점업|11|서울특별시|11200|성동구|1120053500|왕십리도선동|1120010400|도선동|1120010400200680000|1|대지|68||서울특별시 성동구 도선동 68|112004109248|서울특별시 성동구 무학로2길|46||1120010400100680000023658|장성빌딩|서울특별시 성동구 무학로2길 46|133882|04709||1||127.034540491789|37.5624410338248
20476586|대성식당||Q|음식|Q01|한식|Q01A01|한식/백반/한정식|I56111|한식 음식점업|26|부산광역시|26440|강서구|2644054000|명지동|2644010400|명지동|2644010400200010377|1|대지|1|377|부산광역시 강서구 명지동 1-377|264404208439|부산광역시 강서구 신포길|13|2|2644010400100010377015257||부산광역시 강서구 신포길 13-2|618813|46717||1||128.932142370031|35.1129848904251
20429499|하이|서울유스호스텔지점|Q|음식|Q01|한식|Q01A01|한식/백반/한정식|I56111|한식 음식점업|11|서울특별시|11560|영등포구|1156053500|영등포동|1156010800|영등포동7가|1156010800200570000|1|대지|57||서울특별시 영등포구 영등포동7가 57|115604154077|서울특별시 영등포구 국회대로44길|10||1156010800100570000033537|서울노총복지회관|서울특별시 영등포구 국회대로44길 10|150037|07244||1||126.903271860751|37.5247754603183
20468748|김밥사랑||Q|음식|Q04|분식|Q04A01|라면김밥분식|I56194|분식 및 김밥 전문점|11|서울특별시|11470|양천구|1147058000|신월3동|1147010300|신월동|1147010300201590047|1|대지|159|47|서울특별시 양천구 신월동 159-47|114704142037|서울특별시 양천구 남부순환로40길|22||1147010300101590047012839||서울특별시 양천구 남부순환로40길 22|158090|07911||1||126.82757969483|37.5346264351659
20488142|엠비씨노래광장||Q|음식|Q09|유흥주점|Q09A10|룸살롱/단란주점|I56211|일반유흥 주점업|11|서울특별시|11110|종로구|1111061500|종로1.2.3.4가동|1111013500|관철동|1111013500200190016|1|대지|19|16|서울특별시 종로구 관철동 19-16|111104100140|서울특별시 종로구 삼일대로17길|46||1111013500100190016014855|신양빌딩|서울특별시 종로구 삼일대로17길 46|110111|03189||3||126.984915188576|37.5693232267433
20372343|꿀꿀이감자탕||Q|음식|Q01|한식|Q01A05|해장국/감자탕|I56111|한식 음식점업|26|부산광역시|26350|해운대구|2635055300|좌3동|2635010700|좌동|2635010700213410024|1|대지|1341|24|부산광역시 해운대구 좌동 1341-24|263503133039|부산광역시 해운대구 좌동순환로|41||2635010700113410024026323|꿀꿀이뼈다귀탕|부산광역시 해운대구 좌동순환로 41|612030|48084||1||129.166142607821|35.170126508439
20415080|보물섬유흥주점||Q|음식|Q09|유흥주점|Q09A10|룸살롱/단란주점|I56211|일반유흥 주점업|26|부산광역시|26410|금정구|2641052000|서2동|2641011000|서동|2641011000202100006|1|대지|210|6|부산광역시 금정구 서동 210-6|264103135033|부산광역시 금정구 서동로|182||2641011000102100006002403||부산광역시 금정구 서동로 182|609400|46328||2||129.106574041325|35.214276184678
20416371|황태자||Q|음식|Q09|유흥주점|Q09A10|룸살롱/단란주점|I56211|일반유흥 주점업|26|부산광역시|26470|연제구|2647068000|연산4동|2647010200|연산동|2647010200207300020|1|대지|730|20|부산광역시 연제구 연산동 730-20|264703135002|부산광역시 연제구 고분로|7||2647010200107300020025165||부산광역시 연제구 고분로 7|611080|47549||1||129.083276482564|35.1860211887408
20470999|JBar||Q|음식|Q09|유흥주점|Q09A08|빠/카페/스탠드빠|I56211|일반유흥 주점업|11|서울특별시|11650|서초구|1165053000|서초3동|1165010800|서초동|1165053000214510001|1|대지|1451|1|서울특별시 서초구 서초동 1451-1|116502121003|서울특별시 서초구 반포대로|32||1165010800114510001021371|원일빌딩|서울특별시 서초구 반포대로 32|137070|06716||||127.012107226848|37.4834315635633
20473861|우리집김밥||Q|음식|Q04|분식|Q04A01|라면김밥분식|I56194|분식 및 김밥 전문점|11|서울특별시|11305|강북구|1130555500|송천동|1130510100|미아동|1130510100204840001|1|대지|484|1|서울특별시 강북구 미아동 484-1|113053005043|서울특별시 강북구 숭인로|69||1130510100104840001025966||서울특별시 강북구 숭인로 69|142100|01211||1||127.02942030814|37.6124519324511
20385373|씨제이올리브영종각점|종각점|D|소매|D16|화장품소매|D16A01|화장품판매점|G47813|화장품 및 방향제 소매업|11|서울특별시|11110|종로구|1111061500|종로1.2.3.4가동|1111013800|종로2가|1111013800200070000|1|대지|7||서울특별시 종로구 종로2가 7|111103100013|서울특별시 종로구 종로|61||1111013800100070000014446||서울특별시 종로구 종로 61|110122|03164||1||126.98426629269|37.5704259262814
20417890|내바디스타일||D|소매|D10|건강/미용식품|D10A01|다이어트상품판매|G47216|건강보조식품 소매업|11|서울특별시|11380|은평구|1138069000|진관동|1138011400|진관동|1138011400200060000|1|대지|6||서울특별시 은평구 진관동 6|113803111012|서울특별시 은평구 진관4로|77||1138011400100050013000002|은평뉴타운상림마을|서울특별시 은평구 진관4로 77|122737|03303||||126.928060502789|37.6470572349705
20482173|원일보신탕||Q|음식|Q04|분식|Q04A02|국수/만두/칼국수|I56194|분식 및 김밥 전문점|11|서울특별시|11560|영등포구|1156071000|대림2동|1156013300|대림동|1156013300210810054|1|대지|1081|54|서울특별시 영등포구 대림동 1081-54|115603000026|서울특별시 영등포구 디지털로|352||1156013300110810054002957||서울특별시 영등포구 디지털로 352|150070|07447||1||126.899656921503|37.4889703738922
20482406|소노야코엑스점|코엑스점|Q|음식|Q03|일식/수산물|Q03A02|음식점-일식|I56113|일식 음식점업|11|서울특별시|11680|강남구|1168058000|삼성1동|1168010500|삼성동|1168010500201590000|1|대지|159||서울특별시 강남구 삼성동 159|116802122002|서울특별시 강남구 영동대로|513||1168010500101590009016086|코엑스|서울특별시 강남구 영동대로 513|135798|06164||1||127.059139102428|37.5118203253706
20482833|퀸써브||Q|음식|Q06|양식|Q06A01|정통양식/경양식|I56114|서양식 음식점업|26|부산광역시|26470|연제구|2647069000|연산5동|2647010200|연산동|2647010200211430007|1|대지|1143|7|부산광역시 연제구 연산동 1143-7|264703129045|부산광역시 연제구 월드컵대로|163||2647010200111430007000001|구문빌딩|부산광역시 연제구 월드컵대로 163|611080|47540||||129.078457223513|35.1869115019226
20383527|감미정갈비||Q|음식|Q01|한식|Q01A02|갈비/삼겹살|I56111|한식 음식점업|26|부산광역시|26710|기장군|2671025300|장안읍|2671025334|장안읍|2671025334202080003|1|대지|208|3|부산광역시 기장군 장안읍 길천리 208-3|267104220032|부산광역시 기장군 장안읍 길천2길|10|1|2671025334102080007009392|지중해노래연습장|부산광역시 기장군 장안읍 길천2길 10-1|619952|46036||1||129.282245923066|35.3290157230355
20314543|하자하자허브다이어트||D|소매|D10|건강/미용식품|D10A01|다이어트상품판매|G47216|건강보조식품 소매업|11|서울특별시|11260|중랑구|1126055000|면목5동|1126010100|면목동|1126010100201540041|1|대지|154|41|서울특별시 중랑구 면목동 154-41|112604118140|서울특별시 중랑구 동일로96길|49||1126010100101540041022531||서울특별시 중랑구 동일로96길 49|131200|02216||2||127.082598634252|37.5847917920862
20703456|김극무영어||R|학문/교육|R04|학원-어학|R04A01|학원-외국어/어학|P85502|외국어학원|26|부산광역시|26260|동래구|2626059000|사직2동|2626010900|사직동|2626010900210170000|1|대지|1017||부산광역시 동래구 사직동 1017|262603130009|부산광역시 동래구 사직로|80||2626010900100800012008128|사직쌍용예가|부산광역시 동래구 사직로 80|607786|47863||1||129.057535160126|35.1966416954681
20787543|자임한복||D|소매|D05|의복의류|D05A10|한복/갈옷/민속옷|G47412|한복 소매업|11|서울특별시|11680|강남구|1168051000|신사동|1168010700|신사동|1168010700205860012|1|대지|586|12|서울특별시 강남구 신사동 586-12|116804166269|서울특별시 강남구 도산대로27길|26||1168010700105860013011251||서울특별시 강남구 도산대로27길 26|135892|06032||1||127.027614145299|37.5214225188702
20783574|선경바둑||N|관광/여가/오락|N01|PC/오락/당구/볼링등|N01A09|기원|R91293|기원 운영업|11|서울특별시|11680|강남구|1168054500|압구정동|1168010700|신사동|1168010700206380005|1|대지|638|5|서울특별시 강남구 신사동 638-5|116803122007|서울특별시 강남구 압구정로|310||1168010700106380005009660|고려빌딩|서울특별시 강남구 압구정로 310|135896|06017||3||127.035280058968|37.5287748929877
20334864|상해식품점|미아점|D|소매|D01|음/식료품소매|D01A01|식료품점|G47219|기타 식료품 소매업|11|서울특별시|11290|성북구|1129068500|길음2동|1129013400|길음동|1129013400200200001|1|대지|20|1|서울특별시 성북구 길음동 20-1|112903107003|서울특별시 성북구 동소문로|315||1129013400100200001025204|현대백화점미아점|서울특별시 성북구 동소문로 315|136719|02730||1||127.028725560472|37.6083915431599
20335258|파파존스|고덕점|Q|음식|Q07|패스트푸드|Q07A01|피자전문|I56192|피자, 햄버거, 샌드위치 및 유사 음식점업|11|서울특별시|11740|강동구|1174054000|명일2동|1174010100|명일동|1174010100200690000|1|대지|69||서울특별시 강동구 명일동 69|117403016054|서울특별시 강동구 구천면로|506||1174010100100690000018911||서울특별시 강동구 구천면로 506|134070|05271||1||127.154504078866|37.5490523468649
20665694|배스킨라빈스|관악구청점|Q|음식|Q07|패스트푸드|Q07A07|아이스크림판매|I56191|제과점업|11|서울특별시|11620|관악구|1162059500|청룡동|1162010100|봉천동|1162010100208630013|1|대지|863|13|서울특별시 관악구 봉천동 863-13|116203120001|서울특별시 관악구 관악로|161||1162010100108630013034440||서울특별시 관악구 관악로 161|151050|08787||1||126.952165618801|37.4795992772291
20706745|청운||Q|음식|Q01|한식|Q01A01|한식/백반/한정식|I56111|한식 음식점업|11|서울특별시|11110|종로구|1111051500|청운효자동|1111010100|청운동|1111010100200720000|1|대지|72||서울특별시 종로구 청운동 72|111103100012|서울특별시 종로구 자하문로|116||1111010100100740001031378||서울특별시 종로구 자하문로 116|110030|03047||1||126.9701020005|37.5862425862757
20303513|김반장||Q|음식|Q04|분식|Q04A01|라면김밥분식|I56194|분식 및 김밥 전문점|11|서울특별시|11680|강남구|1168064000|역삼1동|1168010100|역삼동|1168064000206810030|1|대지|681|30|서울특별시 강남구 역삼동 681-30|116804166355|서울특별시 강남구 봉은사로48길|10||1168010100106810030021386||서울특별시 강남구 봉은사로48길 10|135080|06143||1||127.041531803283|37.508813408903
20261400|롯데리아롯데마트행당역점롯데마트행당역점|롯데마트행당역점|Q|음식|Q07|패스트푸드|Q07A04|패스트푸드|I56199|그외 기타 음식점업|11|서울특별시|11200|성동구|1120057000|행당2동|1120010700|행당동|1120010700203460000|1|대지|346||서울특별시 성동구 행당동 346|112003103006|서울특별시 성동구 행당로|82||1120010700103460012016935|한진노변상가|서울특별시 성동구 행당로 82|133777|04717||2||127.027512774894|37.5562382207618
20297445|바빈스커피||Q|음식|Q12|커피점/카페|Q12A01|커피전문점/카페/다방|I56220|비알콜 음료점업|11|서울특별시|11680|강남구|1168065000|역삼2동|1168010100|역삼동|1168010100208040000|1|대지|804||서울특별시 강남구 역삼동 804|116803122010|서울특별시 강남구 테헤란로|156||1168010100108040000000002|역삼역|서울특별시 강남구 테헤란로 156|135080|06236|E|1|41|127.036602597823|37.5007088680698
20339459|프렌치||Q|음식|Q01|한식|Q01A01|한식/백반/한정식|I56111|한식 음식점업|11|서울특별시|11500|강서구|1150064000|방화2동|1150010900|방화동|1150010900208860000|1|대지|886||서울특별시 강서구 방화동 886|115004145490|서울특별시 강서구 하늘길|38||1150010900107120001000134|스카이시티|서울특별시 강서구 하늘길 38|157220|07505||3||126.80076003963|37.5659562255298
20810221|맛생맛사||Q|음식|Q01|한식|Q01A01|한식/백반/한정식|I56111|한식 음식점업|11|서울특별시|11140|중구|1114055000|명동|1114011000|수표동|1114011000200560012|1|대지|56|12|서울특별시 중구 수표동 56-12|111404103264|서울특별시 중구 을지로9길|16||1114011000100560012019216||서울특별시 중구 을지로9길 16|100230|04542||1||126.988489985322|37.5669841704799
20250422|샤브힐Shabuhill||Q|음식|Q10|별식/퓨전요리|Q10A02|샤브샤브전문|I56111|한식 음식점업|11|서울특별시|11650|서초구|1165061000|방배2동|1165010100|방배동|1165010100209510017|1|대지|951|17|서울특별시 서초구 방배동 951-17|116504163413|서울특별시 서초구 서초대로4길|3||1165010100109510017013883|이수고시원|서울특별시 서초구 서초대로4길 3|137060|06675||1|1|126.985383149392|37.4855117840047
20776399|BYC||D|소매|D05|의복의류|D05A07|셔츠/내의/속옷|||26|부산광역시|26410|금정구|2641062000|장전3동|2641010800|장전동|2641010800206540006|1|대지|654|6|부산광역시 금정구 장전동 654-6|264104190397|부산광역시 금정구 온천장로125번길|32||2641010800106540006000001||부산광역시 금정구 온천장로125번길 32|609390|46300||1||129.083791334945|35.2231265213051
20776515|GIA보석교육원||R|학문/교육|R03|학원-자격/국가고시|R03A11|학원-보석감정|P85659|기타 기술 및 직업훈련학원|11|서울특별시|11680|강남구|1168054500|압구정동|1168010700|신사동|1168010700206390003|1|대지|639|3|서울특별시 강남구 신사동 639-3|116803122007|서울특별시 강남구 압구정로|320||1168010700106390003009673|극동GALLERY|서울특별시 강남구 압구정로 320|135896|06017||5||127.036437203336|37.5285320454891
20330827|완도세꼬시||Q|음식|Q03|일식/수산물|Q03A01|횟집|I56111|한식 음식점업|11|서울특별시|11740|강동구|1174068500|길동|1174010500|길동|1174010500203890001|1|대지|389|1|서울특별시 강동구 길동 389-1|117404172232|서울특별시 강동구 양재대로113길|7||1174010500103890001002884||서울특별시 강동구 양재대로113길 7|134880|05353||1||127.139433065314|37.5379325686252
20737330|VIPO2독서실||R|학문/교육|R10|도서관/독서실|R10A01|독서실|R90212|독서실 운영업|26|부산광역시|26410|금정구|2641067000|남산동|2641010400|남산동|2641010400209870003|1|대지|987|3|부산광역시 금정구 남산동 987-3|264103135013|부산광역시 금정구 남산로|39||2641010400109870003015556|정목빌딩|부산광역시 금정구 남산로 39|609816|46223||9||129.087912017165|35.266833373184
20737410|두인토탈인테리어||D|소매|D07|가정/주방/인테리어|D07A01|인테리어/욕실용품/커튼|G47599|그외 기타 분류안된 가정용품 소매업|11|서울특별시|11680|강남구|1168052100|논현1동|1168010800|논현동|1168010800200220000|1|대지|22||서울특별시 강남구 논현동 22|116804166019|서울특별시 강남구 강남대로146길|28||1168010800100220000006560|논현아파트|서울특별시 강남구 강남대로146길 28|135814|06043||2||127.02288919536|37.5150581390206
20804450|영남국악원||R|학문/교육|R05|학원-음악미술무용|R05A06|학원-국악|P85620|예술 학원|26|부산광역시|26410|금정구|2641059100|부곡4동|2641010900|부곡동|2641010900208890025|1|대지|889|25|부산광역시 금정구 부곡동 889-25|264103006035|부산광역시 금정구 부곡로|9||2641010900108890025033351||부산광역시 금정구 부곡로 9|609320|46311||2||129.086841492404|35.2179162378346
20254057|진양평해장국||Q|음식|Q01|한식|Q01A05|해장국/감자탕|I56111|한식 음식점업|11|서울특별시|11560|영등포구|1156051500|영등포본동|1156010100|영등포동|1156051500206180190|1|대지|618|190|서울특별시 영등포구 영등포동 618-190|115604154765|서울특별시 영등포구 영신로20길|2||1156010100106180190037004||서울특별시 영등포구 영신로20길 2|150899|07307||1||126.908032247298|37.5148540352773
20659878|커피빈|코리아대학로대명거리점|Q|음식|Q12|커피점/카페|Q12A01|커피전문점/카페/다방|I56220|비알콜 음료점업|11|서울특별시|11110|종로구|1111065000|혜화동|1111017200|명륜4가|1111017200200510000|1|대지|51||서울특별시 종로구 명륜4가 51|111104100032|서울특별시 종로구 대명길|25||1111017200100510000032165||서울특별시 종로구 대명길 25|110524|03078||3||127.000170846364|37.5831492497775
20700645|씨지브이영등포골드클래스||Q|음식|Q07|패스트푸드|Q07A04|패스트푸드|I56199|그외 기타 음식점업|11|서울특별시|11560|영등포구|1156053500|영등포동|1156010500|영등포동4가|1156010500204420000|1|대지|442||서울특별시 영등포구 영등포동4가 442|115603118024|서울특별시 영등포구 영중로|15||1156010500104420000000001|타임스퀘어|서울특별시 영등포구 영중로 15|150034|07305|441|6|10|126.903914224263|37.5172126661057
20741628|행운노래연습장||N|관광/여가/오락|N02|무도/유흥/가무|N02A01|노래방|R91223|노래연습장 운영업|11|서울특별시|11230|동대문구|1123065000|장안1동|1123010600|장안동|1123010600204320003|1|대지|432|3|서울특별시 동대문구 장안동 432-3|112303105012|서울특별시 동대문구 장한로|9||1123010600104320003017691||서울특별시 동대문구 장한로 9|130100|02636||1||127.064796251601|37.5624412936356
20676428|요거프레소|쌍문점|Q|음식|Q12|커피점/카페|Q12A01|커피전문점/카페/다방|I56220|비알콜 음료점업|11|서울특별시|11320|도봉구|1132067000|쌍문2동|1132010500|쌍문동|1132010500200200000|1|대지|20||서울특별시 도봉구 쌍문동 20|113203109001|서울특별시 도봉구 도당로|7||1132010500100200000006625||서울특별시 도봉구 도당로 7|132030|01385||1|105|127.034745665547|37.6587277238356
20680081|제일목욕탕내이발||F|생활서비스|F09|대중목욕탕/휴게|F09A01|욕탕업-종합|S96121|욕탕업|11|서울특별시|11290|성북구|1129066000|길음1동|1129013400|길음동|1129013400205410100|1|대지|541|100|서울특별시 성북구 길음동 541-100|112904121006|서울특별시 성북구 길음로1길|27||1129013400105410100026435||서울특별시 성북구 길음로1길 27|136110|02722||1||127.022959782249|37.6032620893777
20278754|망고식스|명동페이리스점|Q|음식|Q12|커피점/카페|Q12A01|커피전문점/카페/다방|I56220|비알콜 음료점업|11|서울특별시|11140|중구|1114055000|명동|1114012700|명동2가|1114012700200550016|1|대지|55|16|서울특별시 중구 명동2가 55-16|111404103156|서울특별시 중구 명동4길|26||1114012700100550016019770||서울특별시 중구 명동4길 26|100810|04536||3||126.983728102857|37.5625461885785
20325422|가마솥돼지집||Q|음식|Q01|한식|Q01A02|갈비/삼겹살|I56111|한식 음식점업|26|부산광역시|26530|사상구|2653066100|주례3동|2653010600|주례동|2653010600205070014|1|대지|507|14|부산광역시 사상구 주례동 507-14|265304217018|부산광역시 사상구 가야대로284번길|7||2653010600105070014003934||부산광역시 사상구 가야대로284번길 7|617010|47013||1||129.004052130746|35.1497917318066
20719276|미장헤어미용실||F|생활서비스|F01|이/미용/건강|F01A01|여성미용실|S96112|두발미용업|26|부산광역시|26230|부산진구|2623076000|개금3동|2623011100|개금동|2623011100200010008|1|대지|1|8|부산광역시 부산진구 개금동 1-8|262304187279|부산광역시 부산진구 백양관문로77번길|99||2623011100100010008053885|개금2지구도개공영구임대아파트|부산광역시 부산진구 백양관문로77번길 99|614110|47165||1||129.025854745995|35.1625621584819
20755460|헬로스마일소아과||S|의료|S01|병원|S01B11|소아과|Q86201|일반 의원|11|서울특별시|11680|강남구|1168052100|논현1동|1168010800|논현동|1168010800200390018|1|대지|39|18|서울특별시 강남구 논현동 39-18|116804166129|서울특별시 강남구 논현로131길|30||1168010800100390018000001|성도빌딩|서울특별시 강남구 논현로131길 30|135010|06045||3||127.027878262465|37.5141441909188
20695531|메머드커피||Q|음식|Q12|커피점/카페|Q12A01|커피전문점/카페/다방|I56220|비알콜 음료점업|11|서울특별시|11440|마포구|1144066000|서교동|1144012000|서교동|1144012000203270015|1|대지|327|15|서울특별시 마포구 서교동 327-15|114403113017|서울특별시 마포구 와우산로|149||1144012000103270015009846||서울특별시 마포구 와우산로 149|121836|04052||1||126.929691877693|37.5545990573133
20736806|안재형영어||R|학문/교육|R04|학원-어학|R04A01|학원-외국어/어학|P85502|외국어학원|11|서울특별시|11470|양천구|1147055000|목5동|1147010200|목동|1147010200209050034|1|대지|905|34|서울특별시 양천구 목동 905-34|114703114003|서울특별시 양천구 목동서로|133|2|1147010200109050034000001|목동하나프라자|서울특별시 양천구 목동서로 133-2|158050|07988||7||126.875972678068|37.5315919486785
20573427|씨제이올리브영|천호점|D|소매|D16|화장품소매|D16A01|화장품판매점|G47813|화장품 및 방향제 소매업|11|서울특별시|11740|강동구|1174061000|천호2동|1174010900|천호동|1174010900204540049|1|대지|454|49|서울특별시 강동구 천호동 454-49|117404172367|서울특별시 강동구 천호대로157길|7||1174010900104540049023531||서울특별시 강동구 천호대로157길 7|134020|05329||1||127.126494586703|37.5383601844964
20681413|아이패밀리안경||D|소매|D18|사진/광학/정밀기기소매|D18A04|안경원|G47822|안경 소매업|11|서울특별시|11500|강서구|1150057000|화곡4동|1150010300|화곡동|1150010300207990010|1|대지|799|10|서울특별시 강서구 화곡동 799-10|115003005063|서울특별시 강서구 곰달래로|245||1150010300107990010020767|신치과의원|서울특별시 강서구 곰달래로 245|157010|07741||1||126.860226509886|37.5321258097832
20595779|금조홍어||Q|음식|Q03|일식/수산물|Q03A19|홍어전문|I56111|한식 음식점업|11|서울특별시|11305|강북구|1130561000|수유1동|1130510300|수유동|1130510300200850003|1|대지|85|3|서울특별시 강북구 수유동 85-3|113054124130|서울특별시 강북구 도봉로71길|16||1130510300100630000011900|새마을금고|서울특별시 강북구 도봉로71길 16|142070|01114||1||127.023109682661|37.6316279761096
20683468|조가방앗간||F|생활서비스|F02|세탁/가사서비스|F02A04|방앗간/정미소|||26|부산광역시|26350|해운대구|2635053000|중1동|2635010600|중동|2635010600212700003|1|대지|1270|3|부산광역시 해운대구 중동 1270-3|263503133043|부산광역시 해운대구 해운대해변로|353|3|2635010600112700003000001||부산광역시 해운대구 해운대해변로 353-3|612010|48096||1||129.168305767262|35.1640303659709
20581495|메가박스상봉||Q|음식|Q07|패스트푸드|Q07A04|패스트푸드|I56199|그외 기타 음식점업|11|서울특별시|11260|중랑구|1126059000|상봉2동|1126010200|상봉동|1126010200201300003|1|대지|130|3|서울특별시 중랑구 상봉동 130-3|112604118146|서울특별시 중랑구 망우로30길|3||1126010200101300169000001|안산빌딩|서울특별시 중랑구 망우로30길 3|131220|02120||4||127.074728919101|37.5930740403772
20619869|사계절||Q|음식|Q01|한식|Q01A01|한식/백반/한정식|I56111|한식 음식점업|11|서울특별시|11200|성동구|1120072000|송정동|1120011800|송정동|1120011800200660262|1|대지|66|262|서울특별시 성동구 송정동 66-262|112004109038|서울특별시 성동구 광나루로9길|2||1120011800100660262000001||서울특별시 성동구 광나루로9길 2|133836|04801||1||127.063895754421|37.5484678964413
20509297|맥시칸양념통닭||Q|음식|Q05|닭/오리요리|Q05A08|후라이드/양념치킨|I56193|치킨 전문점|26|부산광역시|26110|중구|2611060000|영주2동|2611010100|영주동|2611010100201510004|1|대지|151|4|부산광역시 중구 영주동 151-4|261103125005|부산광역시 중구 영주로|68||2611010100101510004001156||부산광역시 중구 영주로 68|600110|48907||||129.030326495434|35.1132628121887
20527281|경록건강원||D|소매|D10|건강/미용식품|D10A07|건강원|G47216|건강보조식품 소매업|26|부산광역시|26380|사하구|2638056200|하단2동|2638010300|하단동|2638010300205180017|1|대지|518|17|부산광역시 사하구 하단동 518-17|263804202097|부산광역시 사하구 낙동남로1373번길|28||2638010300105180017009092||부산광역시 사하구 낙동남로1373번길 28|604020|49313||1||128.962072745043|35.107757245319
20612407|구의식당||Q|음식|Q01|한식|Q01A01|한식/백반/한정식|I56111|한식 음식점업|11|서울특별시|11215|광진구|1121583000|자양2동|1121510500|자양동|1121510500202160023|1|대지|216|23|서울특별시 광진구 자양동 216-23|112153000002|서울특별시 광진구 아차산로|384||1121510500102160023011122|태양빌딩|서울특별시 광진구 아차산로 384|143190|05051||1||127.085440308886|37.5366617474821
20687182|본도시락|고려대점|Q|음식|Q07|패스트푸드|Q07A02|도시락전문점|I56111|한식 음식점업|11|서울특별시|11290|성북구|1129060000|안암동|1129012500|안암동5가|1129012500201340070|1|대지|134|70|서울특별시 성북구 안암동5가 134-70|112903005035|서울특별시 성북구 안암로|63||1129012500101340070041092||서울특별시 성북구 안암로 63|136075|02855||1||127.028589396712|37.5822782624666
20727381|한일지도판매||D|소매|D13|책/서적/도서|D13A13|지도판매|G47611|서적 및 잡지류 소매업|11|서울특별시|11680|강남구|1168064000|역삼1동|1168010100|역삼동|1168010100207460010|1|대지|746|10|서울특별시 강남구 역삼동 746-10|116803121022|서울특별시 강남구 논현로|415||1168010100107460010024407||서울특별시 강남구 논현로 415|135080|06246|||2|127.038310128388|37.4971996533981
20583520|홍성폐백||F|생활서비스|F17|예식/의례/관혼상제|F17A04|폐백전문|I56131|출장 음식 서비스업|11|서울특별시|11230|동대문구|1123054500|제기동|1123010300|제기동|1123010300210190000|1|대지|1019||서울특별시 동대문구 제기동 1019|112304115033|서울특별시 동대문구 고산자로36길|3||1123010300110190000034389|경동시장|서울특별시 동대문구 고산자로36길 3|130865|02571||1||127.039126646871|37.5790306472822
20729029|달라스이용원||F|생활서비스|F01|이/미용/건강|F01A04|남성미용실|S96111|이용업|11|서울특별시|11680|강남구|1168052100|논현1동|1168010800|논현동|1168010800200370016|1|대지|37|16|서울특별시 강남구 논현동 37-16|116804166129|서울특별시 강남구 논현로131길|6||1168010800100370016006660||서울특별시 강남구 논현로131길 6|135010|06046||1||127.029772362403|37.5146283124407
20613530|은하노래광장주점||Q|음식|Q09|유흥주점|Q09A10|룸살롱/단란주점|I56211|일반유흥 주점업|11|서울특별시|11140|중구|1114067000|황학동|1114016500|황학동|1114016500206320000|1|대지|632||서울특별시 중구 황학동 632|111404103390|서울특별시 중구 퇴계로87길|15|12|1114016500106320000002802||서울특별시 중구 퇴계로87길 15-12|100869|04576||2||127.020489191168|37.5662358257675
20789250|파파존스|센텀시티점|F|생활서비스|F12|광고/인쇄|F12A01|인쇄종합|C18119|기타 인쇄업|26|부산광역시|26350|해운대구|2635052000|우2동|2635010500|우동|2635010500214880000|1|대지|1488||부산광역시 해운대구 우동 1488|263503133018|부산광역시 해운대구 센텀동로|25||2635010500114880000000001|대우월드마크센텀아파트|부산광역시 해운대구 센텀동로 25|612897|48059||2||129.131457070193|35.1719247156101
20687960|자연의선물||D|소매|D02|선물/팬시/기념품|D02A01|선물용품판매|G47842|관광 민예품 및 선물용품 소매업|11|서울특별시|11680|강남구|1168064000|역삼1동|1168010100|역삼동|1168064000207360055|1|대지|736|55|서울특별시 강남구 역삼동 736-55|116804166727|서울특별시 강남구 테헤란로26길|10||1168010100107360055027688|성보빌딩|서울특별시 강남구 테헤란로26길 10|135080|06236||9||127.035824788941|37.4996302661116
20689719|해성집||Q|음식|Q01|한식|Q01A01|한식/백반/한정식|I56111|한식 음식점업|26|부산광역시|26140|서구|2614057000|서대신4동|2614010600|서대신동3가|2614010600200070098|1|대지|7|98|부산광역시 서구 서대신동3가 7-98|261403126002|부산광역시 서구 꽃마을로|164|51|2614010600100070098006141||부산광역시 서구 꽃마을로 164-51|602821|49200|||1|129.008243113075|35.1274292538902
20622823|인덕기름집||D|소매|D01|음/식료품소매|D01A01|식료품점|G47219|기타 식료품 소매업|11|서울특별시|11350|노원구|1135057000|월계2동|1135010200|월계동|1135010200202850001|1|대지|285|1|서울특별시 노원구 월계동 285-1|113504130335|서울특별시 노원구 월계로53길|1||1135010200102850001018636|성천감리교회|서울특별시 노원구 월계로53길 1|139050|01879||||127.058711909543|37.6303405636469
20515164|벌떼식당||Q|음식|Q01|한식|Q01A01|한식/백반/한정식|I56111|한식 음식점업|11|서울특별시|11440|마포구|1144060000|대흥동|1144011000|노고산동|1144011000200310023|1|대지|31|23|서울특별시 마포구 노고산동 31-23|114404139397|서울특별시 마포구 신촌로20길|12||1144011000100310023007169||서울특별시 마포구 신촌로20길 12|121806|04102||1||126.938168799831|37.5546035151768
20769711|정아트||R|학문/교육|R05|학원-음악미술무용|R05A01|서예/서화/미술|P85620|예술 학원|11|서울특별시|11500|강서구|1150051000|염창동|1150010100|염창동|1150010100201840008|1|대지|184|8|서울특별시 강서구 염창동 184-8|115004145427|서울특별시 강서구 양천로73가길|21||1150010100101840008028367|한양피아노학원|서울특별시 강서구 양천로73가길 21|157861|07541||2||126.873645320909|37.5509240520728
20808534|코원성형외과||S|의료|S01|병원|S01B08|정형/성형외과|Q86201|일반 의원|11|서울특별시|11680|강남구|1168054500|압구정동|1168010700|신사동|1168010700205920004|1|대지|592|4|서울특별시 강남구 신사동 592-4|116803121022|서울특별시 강남구 논현로|826||1168010700105920004010990|이가빌딩|서울특별시 강남구 논현로 826|135893|06025||4||127.028531416718|37.5222229928703
20516216|카페필로네||Q|음식|Q12|커피점/카페|Q12A01|커피전문점/카페/다방|I56220|비알콜 음료점업|11|서울특별시|11650|서초구|1165052000|서초2동|1165010800|서초동|1165010800213660004|1|대지|1366|4|서울특별시 서초구 서초동 1366-4|116502000003|서울특별시 서초구 남부순환로|2583||1165010800113660004000001|양재역1번빌딩|서울특별시 서초구 남부순환로 2583|137070|06735||1||127.032940495121|37.4847482687652
20694527|김가네우면네이처힐||Q|음식|Q04|분식|Q04A01|라면김밥분식|I56194|분식 및 김밥 전문점|11|서울특별시|11650|서초구|1165065100|양재1동|1165010300|우면동|1165010300207210001|1|대지|721|1|서울특별시 서초구 우면동 721-1|116503121020|서울특별시 서초구 태봉로|70||1165010300101510004000001|우면프라자Ι|서울특별시 서초구 태봉로 70|137140|06764||1||127.025570605719|37.4645310346132
20603925|경성양꼬치||Q|음식|Q09|유흥주점|Q09A01|호프/맥주|I56219|기타 주점업|26|부산광역시|26410|금정구|2641059100|부곡4동|2641010900|부곡동|2641059100203910001|1|대지|391|1|부산광역시 금정구 부곡동 391-1|264104205339|부산광역시 금정구 오시게로54번길|2||2641010900103910001003817|가나빌라|부산광역시 금정구 오시게로54번길 2|609320|46306||||129.088016321968|35.2219979519414
20887860|경찰태권도||R|학문/교육|R07|학원-예능취미체육|R07A20|태권도장|P85611|스포츠 교육기관|11|서울특별시|11290|성북구|1129066000|길음1동|1129013400|길음동|1129013400212830004|1|대지|1283|4|서울특별시 성북구 길음동 1283-4|112903107001|서울특별시 성북구 길음로|20||1129013400112830004000001|길음뉴타운,래미안길음3차아파트상가|서울특별시 성북구 길음로 20|136110|02725||5||127.023019608341|37.6047492990606
20911036|옐로우캡익스프레스||F|생활서비스|F04|운송/배달/택배|F04A06|종합이삿짐대행|H49311|일반 화물자동차 운송업|11|서울특별시|11350|노원구|1135061100|하계1동|1135010400|하계동|1135010400201680009|1|대지|168|9|서울특별시 노원구 하계동 168-9|113504130031|서울특별시 노원구 공릉로58나길|9||1135010400101680009013467||서울특별시 노원구 공릉로58나길 9|139230|01809||1||127.073392455342|37.6359981524784
20911441|경기전화번호부||F|생활서비스|F12|광고/인쇄|F12A08|광고대행-전화번호부|M71310|광고 대행업|11|서울특별시|11350|노원구|1135069500|상계6.7동|1135010500|상계동|1135010500207070003|1|대지|707|3|서울특별시 노원구 상계동 707-3|113504130085|서울특별시 노원구 노해로75길|14|25|1135010500107070003001037|동신빌딩|서울특별시 노원구 노해로75길 14-25|139200|01689||||127.058743735397|37.6547588847578
20819907|서울과학기술대학교제2학생식당||Q|음식|Q14|기타음식업|Q14A01|구내식당/자급식음식점|I56120|기관구내식당업|11|서울특별시|11350|노원구|1135060000|공릉2동|1135010300|공릉동|1135010300201720000|1|대지|172||서울특별시 노원구 공릉동 172|113503005050|서울특별시 노원구 공릉로|232||1135010300100780001000170|서울과학기술대학교|서울특별시 노원구 공릉로 232|139743|01811||1||127.076771103452|37.6330692342399
20923088|화랑공인중개사사무소||L|부동산|L01|부동산중개|L01A01|부동산중개|L68221|부동산 자문 및 중개업|11|서울특별시|11350|노원구|1135060000|공릉2동|1135010300|공릉동|1135010300201110000|1|대지|111||서울특별시 노원구 공릉동 111|113504130440|서울특별시 노원구 화랑로51길|17||1135010300101110000015254|화랑타운아파트|서울특별시 노원구 화랑로51길 17|139729|01800||1||127.089344568068|37.6230662934616
20821938|초밥&참치전문점연||Q|음식|Q03|일식/수산물|Q03A04|참치전문점|I56113|일식 음식점업|11|서울특별시|11215|광진구|1121571000|화양동|1121510700|화양동|1121510700201110118|1|대지|111|118|서울특별시 광진구 화양동 111-118|112153104007|서울특별시 광진구 능동로|179||1121510700101110118017791||서울특별시 광진구 능동로 179|143915|05009||||127.073492584691|37.5466333613569
20916395|이태형한의원||S|의료|S01|병원|S01B06|한의원|Q86203|한의원|11|서울특별시|11350|노원구|1135062500|중계2.3동|1135010600|중계동|1135010600205060000|1|대지|506||서울특별시 노원구 중계동 506|113504130196|서울특별시 노원구 동일로203가길|29||1135010600105060000010657|브라운스톤중계|서울특별시 노원구 동일로203가길 29|139880|01779||2||127.064245152134|37.6399175500813
20842524|파파야노래연습장||N|관광/여가/오락|N02|무도/유흥/가무|N02A01|노래방|R91223|노래연습장 운영업|26|부산광역시|26260|동래구|2626057000|온천3동|2626010800|온천동|2626010800214120005|1|대지|1412|5|부산광역시 동래구 온천동 1412-5|262604190332|부산광역시 동래구 아시아드대로228번길|8||2626010800114120005011520||부산광역시 동래구 아시아드대로228번길 8|607060|47837||3||129.067567864622|35.2038909393289
20924451|아트인스튜디오||R|학문/교육|R05|학원-음악미술무용|R05A01|서예/서화/미술|P85620|예술 학원|11|서울특별시|11680|강남구|1168064000|역삼1동|1168010100|역삼동|1168010100208180001|1|대지|818|1|서울특별시 강남구 역삼동 818-1|116804166038|서울특별시 강남구 강남대로96길|12||1168010100108180001023766||서울특별시 강남구 강남대로96길 12|135080|06129|||3|127.028053870075|37.4997287739928
20852234|괴산주유소||F|생활서비스|F16|주유소/충전소|F16A01|주유소|G47711|차량용 주유소 운영업|11|서울특별시|11740|강동구|1174054000|명일2동|1174010100|명일동|1174010100200380000|1|대지|38||서울특별시 강동구 명일동 38|117403124002|서울특별시 강동구 명일로|376||1174010100100380000018769|삼익그린11차아파트|서울특별시 강동구 명일로 376|134070|05268|701|||127.150455650943|37.5517715076151
20890643|신호상사||D|소매|D21|철물/난방/건설자재소매|D21A08|셔터/새시판매|G47511|철물 및 난방용구 소매업|11|서울특별시|11470|양천구|1147065000|신정4동|1147010100|신정동|1147010100209340004|1|대지|934|4|서울특별시 양천구 신정동 934-4|114703114011|서울특별시 양천구 신정중앙로|8||1147010100109340004002188||서울특별시 양천구 신정중앙로 8|158070|07941||1||126.852497978684|37.5277530156532
21108045|초원사랑유치원||R|학문/교육|R08|유아교육|R08A02|어린이집|Q87210|보육시설 운영업|26|부산광역시|26230|부산진구|2623068000|당감2동|2623010900|당감동|2623010900201230000|1|대지|123||부산광역시 부산진구 당감동 123|262302006015|부산광역시 부산진구 가야대로|635|13|2623010900101230000002578|태화현대2차아파트|부산광역시 부산진구 가야대로 635-13|614759|47274||1||129.041129951767|35.1562122299599
21074019|대성설비||F|생활서비스|F15|주택수리|F15A03|배관난방보일러|F42201|배관 및 냉·난방 공사업|26|부산광역시|26380|사하구|2638051000|괴정1동|2638010100|괴정동|2638010100205440021|1|대지|544|21|부산광역시 사하구 괴정동 544-21|263804202066|부산광역시 사하구 괴정로232번길|15||2638010100105440021040101||부산광역시 사하구 괴정로232번길 15|604812|49385||1||128.986723354043|35.0961563126275
20877810|가야애드현수막||F|생활서비스|F12|광고/인쇄|F12A02|간판제작종합|C33910|간판 및 광고물 제조업|11|서울특별시|11740|강동구|1174064000|성내1동|1174010800|성내동|1174010800205500004|1|대지|550|4|서울특별시 강동구 성내동 550-4|117403124006|서울특별시 강동구 성내로|40||1174010800105500004007005|동흔빌딩|서울특별시 강동구 성내로 40|134030|05399||2||127.124557257353|37.5288847473699
20878275|샹제리제식품||D|소매|D01|음/식료품소매|D01A24|냉동식품판매|G47219|기타 식료품 소매업|11|서울특별시|11680|강남구|1168063000|대치4동|1168010600|대치동|1168010600208890005|1|대지|889|5|서울특별시 강남구 대치동 889-5|116803122010|서울특별시 강남구 테헤란로|406||1168010600108890009012385|샹제리제센터|서울특별시 강남구 테헤란로 406|135712|06192|A|2||127.049946352687|37.5044121531044
20899768|삼일공구||D|소매|D21|철물/난방/건설자재소매|D21A06|철물/건설자재소매|G47511|철물 및 난방용구 소매업|11|서울특별시|11740|강동구|1174065000|성내2동|1174010800|성내동|1174010800201120069|1|대지|112|69|서울특별시 강동구 성내동 112-69|117403123023|서울특별시 강동구 올림픽로|602||1174010800101120069005301||서울특별시 강동구 올림픽로 602|134030|05385||1||127.122525267415|37.5352581569548
20825907|델리스타||Q|음식|Q07|패스트푸드|Q07A04|패스트푸드|I56199|그외 기타 음식점업|26|부산광역시|26170|동구|2617066000|범일2동|2617010400|범일동|2617010400200620005|1|대지|62|5|부산광역시 동구 범일동 62-5|261703127051|부산광역시 동구 범일로|125||2617010400100620005005551|현대백화점부산점|부산광역시 동구 범일로 125|601718|48735||2||129.058596888446|35.1413230864786
20912401|아미가성형외과||S|의료|S01|병원|S01B08|정형/성형외과|Q86201|일반 의원|11|서울특별시|11650|서초구|1165060000|방배1동|1165010100|방배동|1165010100209020001|1|대지|902|1|서울특별시 서초구 방배동 902-1|116504163257|서울특별시 서초구 방배로20길|4||1165010100109020001015305|원등빌딩|서울특별시 서초구 방배로20길 4|137060|06664||3||126.995333811418|37.4854977050385
21075202|무성인테리어||D|소매|D07|가정/주방/인테리어|D07A01|인테리어/욕실용품/커튼|G47599|그외 기타 분류안된 가정용품 소매업|26|부산광역시|26410|금정구|2641062000|장전3동|2641010800|장전동|2641010800206180001|1|대지|618|1|부산광역시 금정구 장전동 618-1|264103135040|부산광역시 금정구 식물원로|47||2641010800106180001034803|온천화목아파트|부산광역시 금정구 식물원로 47|609842|46300||1||129.083185049286|35.2246192252633
20854472|리치노래방||N|관광/여가/오락|N02|무도/유흥/가무|N02A01|노래방|R91223|노래연습장 운영업|11|서울특별시|11215|광진구|1121581000|광장동|1121510400|광장동|1121510400203230002|1|대지|323|2|서울특별시 광진구 광장동 323-2|112154112359|서울특별시 광진구 아차산로78길|182||1121510400103230002000001||서울특별시 광진구 아차산로78길 182|143808|04969||1||127.107894941802|37.5476101190551
20869718|씨앤미치과||S|의료|S01|병원|S01B04|치과의원|Q86202|치과 의원|11|서울특별시|11740|강동구|1174062000|천호3동|1174010900|천호동|1174010900204470000|1|대지|447||서울특별시 강동구 천호동 447|117402000008|서울특별시 강동구 천호대로|1097||1174010500104610000000001|강동역|서울특별시 강동구 천호대로 1097|134020|05339||3||127.133509195332|37.5355104617519
20870076|동아조명||D|소매|D07|가정/주방/인테리어|D07A10|조명기구/전기용품|G47591|전기용품 및 조명장치 소매업|11|서울특별시|11170|용산구|1117062500|한강로동|1117012800|한강로3가|1117012800200010003|1|대지|1|3|서울특별시 용산구 한강로3가 1-3|111703101023|서울특별시 용산구 청파로|101||1117012300100280007000293|나진상가|서울특별시 용산구 청파로 101|140877|04366||1||126.962150115407|37.5334530100537
20870378|오리진||S|의료|S01|병원|S01B02|일반병원|Q86102|일반 병원|11|서울특별시|11680|강남구|1168051000|신사동|1168010700|신사동|1168010700205700003|1|대지|570|3|서울특별시 강남구 신사동 570-3|116804166156|서울특별시 강남구 논현로167길|15||1168010700105700003010362||서울특별시 강남구 논현로167길 15|135891|06031||4||127.026817064414|37.5244344758789
